e, e_dot, e_int, stamp, 
0.8708042372015555, -0.00618901874776534, 0.17440840819022171, 1732894291328876639, 
0.8706002173897407, -0.0068690847871481315, 0.17427102649447873, 1732894291425923400, 
0.8704907395727063, -0.0010449920961641546, 0.17412634627760018, 1732894291538988928, 
0.870943839371838, 0.0011454066069908435, 0.17413565308895232, 1732894291636017397, 
0.8700728083900442, -0.0013931039422069673, 0.17410049248897255, 1732894291728890251, 
0.8486860300520473, -0.07419269773263533, 0.1726468451875953, 1732894291826261864, 
0.8047908402775841, -0.21760656037486706, 0.16823664524797838, 1732894291938908072, 
0.8012801922099574, -0.1580194594736332, 0.1636504708359726, 1732894292034990274, 
0.7913554684590636, -0.044784572728401674, 0.15982843339644034, 1732894292128886805, 
0.7817127609611982, -0.06522477082919716, 0.15828989477534794, 1732894292238854051, 
0.762542566363275, -0.09604300698596191, 0.1557073863855691, 1732894292339005295, 
0.7439330398030992, -0.12593240386033008, 0.15254589114183817, 1732894292437172924, 
0.7305795626412603, -0.10654334574004887, 0.1491370112538423, 1732894292528898781, 
0.7160311183114692, -0.09300640497210022, 0.1460362480503886, 1732894292638814055, 
0.6023024457285442, -0.42759038970905383, 0.13659420844541825, 1732894292738918711, 
0.5729578385083821, -0.4769109326769568, 0.12608609350322636, 1732894292836996520, 
0.5395891970671649, -0.20904416220459762, 0.11432329875360607, 1732894292928938223, 
0.5046991567934249, -0.2275289390498573, 0.10781641282459814, 1732894293027048757, 
0.47380437530314734, -0.2192827392133919, 0.10120618194424914, 1732894293139133949, 
0.44427063361577535, -0.20142841059216524, 0.09485161104748983, 1732894293237066473, 
0.4086227728870433, -0.21727200805368016, 0.0884465187870644, 1732894293328941924, 
0.3911798689318895, -0.17696921561295284, 0.08293821836231388, 1732894293427518009, 
0.3804108125726352, -0.09403986771469364, 0.07868089695943788, 1732894293539965214, 
0.25337303136773026, -0.4593561252138641, 0.06833091419148367, 1732894293637039774, 
0.23099317785886742, -0.49805878237922596, 0.05765180145328219, 1732894293728948343, 
0.21151966221831997, -0.1395112304980343, 0.04639239142966117, 1732894293826710650, 
0.19368054046962158, -0.1243754579641528, 0.04241289203645393, 1732894293940132681, 
0.17670250686072764, -0.11605718452530778, 0.03879351396991128, 1732894294038046568, 
0.1603905668212644, -0.11096657882785725, 0.035384907610107576, 1732894294129912430, 
0.1426929905398313, -0.11336505440298776, 0.03198573761478822, 1732894294240321456, 
0.14846214482574938, -0.039761406651716756, 0.03010304681245634, 1732894294341241946, 
0.1550725499285096, 0.04126519796226099, 0.029748512352939353, 1732894294438030238, 
0.05792732903246256, -0.30178271931095607, 0.0240974682524481, 1732894294529913641, 
0.05692005936190214, -0.3271749685553582, 0.017994662554858286, 1732894294628043758, 
0.054707009301651954, -0.01073439910270202, 0.011303626513067776, 1732894294741373868, 
0.051876104810849144, -0.016813181836843327, 0.010900211564960216, 1732894294838056841, 
0.0489808777987244, -0.01908710500975852, 0.010370932794081699, 1732894294929919816, 
0.043467888112876274, -0.0280273889932429, 0.00962165804816332, 1732894295040605694, 
0.038194992654523974, -0.03595295048066808, 0.00870958390440831, 1732894295141292703, 
0.047289375739443695, 0.01273829208855807, 0.008596817100456263, 1732894295238028330, 
0.056352871964444384, 0.06052626436640137, 0.009455816023894137, 1732894295329957390, 
-0.024379798612272463, -0.23889724783905386, 0.005284163272774374, 1732894295428573798, 
-0.0308218994244277, -0.29058257129624027, 7.674492851628134e-05, 1732894295519379793, 
-0.03532918634301452, -0.03649795910247352, -0.006035392291980979, 1732894295639302089, 
-0.03885386703023985, -0.02677322535270717, -0.007000330186512138, 1732894295729970469, 
-0.04010093782632018, -0.015905838277685547, -0.007618932746638303, 1732894295778967923, 
-0.04398752236628334, -0.017112184453478285, -0.008196155148189558, 1732894295939050910, 
-0.04696018776103095, -0.022864166449035883, -0.008736576530242297, 1732894296039063522, 
-0.03916532533174377, 0.016073990115131886, -0.008674202363937204, 1732894296128936605, 
-0.02739655546274966, 0.06521210766093762, -0.007568137903701626, 1732894296228967614, 
-0.07726817485453852, -0.12700949840931583, -0.00958867037660213, 1732894296338945464, 
-0.07303500494756932, -0.15212816494939885, -0.011846649017657166, 1732894296439279066, 
-0.0710553810104706, 0.020709312813559737, -0.014757237387505229, 1732894296530034548, 
-0.06787348195155563, 0.017205076653378965, -0.014130924527306368, 1732894296628809525, 
-0.06670331162253129, 0.014506897959797685, -0.013708811638970501, 1732894296738985990, 
-0.06998929012282329, -0.007052693904225545, -0.013637738913127346, 1732894296839046703, 
-0.07389380586846461, -0.02396831415311107, -0.01403909384092128, 1732894296929979539, 
-0.06947498629716253, 0.0017143460855358523, -0.014223872152563362, 1732894297039097816, 
-0.09584254784397395, -0.07316247325169778, -0.01594742266730674, 1732894297139088750, 
-0.09337080573905998, -0.0796527314729915, -0.01724588932534643, 1732894297239079702, 
-0.09244581210216218, 0.011322452472705876, -0.018777277712346406, 1732894297329953397, 
-0.09052109850025969, 0.009499024129334307, -0.018422514422765456, 1732894297438815837, 
-0.08807204126606527, 0.014579236120323044, -0.018069263457899144, 1732894297539149409, 
-0.08569532629390908, 0.016085907354502032, -0.017619231070682268, 1732894297639055292, 
-0.07981962475161952, 0.027508055048152496, -0.01690579948743959, 1732894297729957245, 
-0.07042059595364214, 0.0509157678008898, -0.015729036466611383, 1732894297829338203, 
-0.07928858455909094, 0.0017701339750952894, -0.01530192035095684, 1732894297938687823, 
-0.0728244787948531, -0.008012942804036527, -0.014835577287172412, 1732894298039087951, 
-0.06565842175546643, 0.045433876012081674, -0.014518099007294031, 1732894298130005890, 
-0.05920198875279137, 0.04540830014020577, -0.013178992620207393, 1732894298238923927, 
-0.05669791712197103, 0.02986834877831801, -0.012103888508681921, 1732894298339016282, 
-0.054985625837721264, 0.014054543050233681, -0.011392368780832244, 1732894298439090720, 
-0.05519846977508003, 0.00499815782297001, -0.011125467515651489, 1732894298529979925, 
-0.0603807836286947, -0.01798385930324479, -0.011370991949433066, 1732894298628915351, 
-0.0610615795504722, -0.01954369925130724, -0.011776055530283129, 1732894298739029577, 
-0.05858440852124225, 0.005987917024841509, -0.012001784780027277, 1732894298840094516, 
-0.05704533673929724, 0.013387476037249879, -0.011779421654067446, 1732894298930987864, 
-0.056404895799439525, 0.007265042406009077, -0.011468976070665268, 1732894299028819053, 
-0.057481774124306884, -0.0014547912833654901, -0.011395467110869577, 1732894299139016854, 
-0.05700861339645802, -0.002012391990061646, -0.01139301888801363, 1732894299240097042, 
-0.05495889777298402, 0.00840958783774289, -0.011296619019583261, 1732894299331155216, 
-0.04804666421355186, 0.02987316394302053, -0.010667611692199593, 1732894299429468751, 
-0.04228349909039952, 0.04225132894194831, -0.009685937405129026, 1732894299538798662, 
-0.03602370888306228, 0.040076517768298604, -0.008423591479134244, 1732894299640111999, 
-0.031666024615420785, 0.035391581583262464, -0.007331548839258839, 1732894299730989016, 
-0.02778608554443507, 0.027458744462090696, -0.006365054602861208, 1732894299840084555, 
-0.023945043112275965, 0.025736605010482732, -0.005559810218142121, 1732894299939194729, 
-0.02188918545884677, 0.019656333618627658, -0.004908020941037187, 1732894300040081530, 
-0.014900518111269356, 0.03014841667002203, -0.004048983112159473, 1732894300128990975, 
-0.013753344918235544, 0.027119468468704094, -0.0033695365658901115, 1732894300229053154, 
-0.014629145607746086, 0.0009045750117442353, -0.0028855339091500656, 1732894300339054098, 
-0.016793278270754497, -0.010133111175063178, -0.0030117179197824084, 1732894300440116112, 
-0.01829678787926181, -0.01222547423838575, -0.0033146141171841595, 1732894300529008319, 
-0.01694744641378676, -0.0005138938101075426, -0.003469167504253538, 1732894300640291369, 
-0.015264491056811602, 0.01010765607483403, -0.003367248356657345, 1732894300739044680, 
-0.013827212616234097, 0.010400779325175543, -0.0030692766724554972, 1732894300840094109, 
-0.00634331827068646, 0.029737242620417142, -0.0023623347962488106, 1732894300929020230, 
-0.0035885364147695276, 0.03412892067154857, -0.0015839378201126723, 1732894301028955361, 
-0.0012735864073168957, 0.01689910621123188, -0.0007470294061848588, 1732894301139631808, 
-0.0016073982945032927, 0.006603793734220782, -0.0004313014077726477, 1732894301240097286, 
-0.0033597296752938544, -0.006953810893256529, -0.00041604762514093615, 1732894301329045938, 
-0.005906512379804996, -0.01433038028433901, -0.0007249093566401428, 1732894301429082645, 
-0.006698356226172653, -0.011128755169595994, -0.001064306552084767, 1732894301539279088, 
-0.000699394960578803, 0.01735705806408731, -0.0008869509044370968, 1732894301640144459, 
0.002904614951604878, 0.0320099039259251, -0.0002995424156764385, 1732894301729049859, 
0.006194215529093494, 0.02297870163224099, 0.0005599623680079713, 1732894301829256241, 
0.004359386032640633, 0.00484923693678585, 0.0008972144342226004, 1732894301939084776, 
0.0036188222300473916, -0.008584644330153676, 0.0009448282527854346, 1732894302040300093, 
0.0011057804055001341, -0.01084535209046833, 0.0006055992445458772, 1732894302129028281, 
-0.0011714006753241746, -0.015967409684571887, 0.00023688013068155674, 1732894302229934099, 
-0.0002033891582586822, -0.004363898545862721, -1.793396187218151e-05, 1732894302339630651, 
0.00483106254295107, 0.020008210727584148, 0.00023041818062454755, 1732894302440110286, 
0.0031912043902020404, 0.01131531182820241, 0.0005212585183262952, 1732894302529027982, 
0.004872338251136199, 0.00013758569395042977, 0.0008596403456192873, 1732894302629132586, 
0.008040780505326861, 0.016165253717082734, 0.0010736215431110068, 1732894302739074072, 
0.009048535743203967, 0.01392065830689256, 0.0014641102999778017, 1732894302840172625, 
0.011633754529558504, 0.011976580080772145, 0.0019148713852059555, 1732894302929085590, 
0.010433933343106827, 0.0046179919996762004, 0.00207441490772462, 1732894303029069127, 
0.008296550701789807, -0.011124012759228993, 0.0020242825716303425, 1732894303139073321, 
0.17691061758937465, 0.5549222808208928, 0.01304274010895142, 1732894303240172254, 
0.18372748565948427, 0.5847697831923149, 0.024595643596709914, 1732894303330045939, 
0.1907548663156896, 0.046147495754383185, 0.03675953130430323, 1732894303429055194, 
0.20059270117585437, 0.056217385054567005, 0.03833833687673521, 1732894303541078178, 
0.21275416805908598, 0.07333100581132124, 0.04027344903670867, 1732894303640133743, 
0.22526648061809518, 0.08224593147413602, 0.0425742233235357, 1732894303729043202, 
0.23137685738236502, 0.0620756310775968, 0.044626500403969746, 1732894303829196695, 
0.2075949410457515, -0.05890513190781229, 0.04428255193641411, 1732894303939149668, 
0.31758653072221854, 0.2873655777995117, 0.05043722194335567, 1732894304040128352, 
0.31608189173866574, 0.36162316897638086, 0.056084224233775716, 1732894304129272409, 
0.31805475669039573, 0.0015607532272573128, 0.06344821194341867, 1732894304229084517, 
0.32166147635020215, 0.018598615371788012, 0.06371987498528424, 1732894304339071988, 
0.32335851431379825, 0.017679192078008388, 0.06420498315695974, 1732894304440171661, 
0.3225130254854902, 0.002838497117626885, 0.06450220107663271, 1732894304530083169, 
0.12432062390048415, -0.663459634711047, 0.05134614424665151, 1732894304629071599, 
0.0947617507243359, -0.7591709158705143, 0.03610636000735402, 1732894304723098799, 
0.05526996642537996, -0.2301688582503473, 0.018290156070013334, 1732894304836160563, 
0.026742401318942344, -0.2267311646846452, 0.01178494123124388, 1732894304933078356, 
0.0003145393749561798, -0.18318475683474592, 0.0054884604746185655, 1732894305024700972, 
-0.02868414059695268, -0.18475513971965007, -0.00010847999353694366, 1732894305136218676, 
-0.053562631335284605, -0.17959056903413595, -0.005462148837152073, 1732894305236394274, 
0.07806721679261241, 0.355837857965217, -0.0002786370093083246, 1732894305333165853, 
0.10398238791791159, 0.5251500641773207, 0.00856579822501596, 1732894305425727133, 
0.123071960211659, 0.15001581139682196, 0.02034143766147887, 1732894305536347022, 
0.14291450749920953, 0.12977373193765981, 0.024664590375252007, 1732894305636295359, 
0.16361341096452442, 0.13513816917621804, 0.028639991911692864, 1732894305734344044, 
0.006353350963504534, -0.4552038551190167, 0.020858751295149233, 1732894305826282986, 
0.016292340160986907, -0.4910702360117917, 0.012417273472601057, 1732894305936163957, 
-0.002325563975061229, -0.028929716461885874, 0.0013546751432953474, 1732894306036298420, 
-0.031729860921482445, -0.16007400360823118, -0.0011842056490371177, 1732894306134398991, 
-0.05377843192207621, -0.17150955982338326, -0.005855590454574659, 1732894306224620989, 
-0.1846632482938848, -0.5097779579080078, -0.018011436075829564, 1732894306340342937, 
-0.20303975837859833, -0.49753775485507373, -0.029432095906303957, 1732894306441458061, 
-0.19958004671647467, -0.04972266140863287, -0.039152203559263854, 1732894306529657235, 
-0.18914252678479548, 0.04632410531267617, -0.03945082212532457, 1732894306630325148, 
-0.18905664097211172, 0.035078019147876484, -0.03851861429822546, 1732894306736260973, 
-0.18730145042587154, 0.006136921196413144, -0.03770004121218525, 1732894306835636085, 
-0.18103649915566533, 0.026733806054821303, -0.03715963937024324, 1732894306934618487, 
-0.15309193730742676, 0.11403171039481592, -0.03476199245926424, 1732894307025146877, 
-0.1708647281467971, 0.03390590336289412, -0.03366621097399261, 1732894307136439440, 
-0.15196422463054493, 0.003759042256272771, -0.031728059338984586, 1732894307234593650, 
-0.13826917476569867, 0.10865184460366144, -0.030739875169536045, 1732894307335157127, 
-0.12836560035134326, 0.07866208093067224, -0.027906599983172457, 1732894307425365205, 
-0.1196844429258681, 0.06194910613276853, -0.025754614536194, 1732894307535525631, 
-0.11260943275412105, 0.052520558657407346, -0.024043965068755495, 1732894307635377246, 
-0.10775699813546391, 0.03975814930134732, -0.022670058254363537, 1732894307735094458, 
-0.12590914085631322, -0.04433236034064055, -0.023085038116393213, 1732894307775126705, 
-0.12196169739066309, -0.047348997517330606, -0.023708522425496016, 1732894307934598118, 
-0.11972535768874948, 0.020612610558545796, -0.02450641306238172, 1732894308041170423, 
-0.11726711026058845, 0.015648623766915486, -0.023930277689333403, 1732894308129610847, 
-0.11618447427402245, 0.01180294471575675, -0.023545129481557358, 1732894308229626611, 
-0.11469312011799182, 0.008579967141988757, -0.023209646976840182, 1732894308340409888, 
-0.11010199472481852, 0.02027493183067978, -0.022731972607788854, 1732894308440794729, 
-0.10512334530424605, 0.03189924937915256, -0.02199456400980376, 1732894308530193365, 
-0.10174508880320632, 0.02785635307204067, -0.02113136192215139, 1732894308629833166, 
-0.09623746998714966, 0.029619584390321307, -0.02020706027297347, 1732894308740249367, 
-0.0900261701078996, 0.03906306231768908, -0.019200581926550372, 1732894308841362265, 
-0.08312002916993133, 0.043724802724061096, -0.017958911284332038, 1732894308930082919, 
-0.07505756421410414, 0.049895352979318165, -0.016546917566129006, 1732894309030355750, 
-0.06869301560776464, 0.0480900452072223, -0.015124707266120007, 1732894309140214755, 
-0.057772736872118924, 0.05761609113995073, -0.01343488777959918, 1732894309241231635, 
-0.052581110036313716, 0.053706351904836414, -0.01193645750107982, 1732894309330095813, 
-0.04700001450887126, 0.03590907454415889, -0.01049025742782026, 1732894309430365035, 
-0.041505759997810365, 0.03691783346167784, -0.009405792302866357, 1732894309540123677, 
-0.03711671818844953, 0.032944321068072435, -0.008374832846342077, 1732894309636215632, 
-0.03736256318449094, 0.013810656044398092, -0.007732336091383389, 1732894309730096753, 
-0.03911831934788779, -0.0066720038647942, -0.00757317338138855, 1732894309839650660, 
-0.032563448949187834, 0.015997047451010344, -0.007269622098771104, 1732894309940355638, 
-0.03289482213625905, 0.020744990705429123, -0.0069717726955556445, 1732894310036239949, 
-0.03354367264840219, -0.0032674123307145178, -0.006600129582256605, 1732894310130138417, 
-0.031242457887766917, 0.00550788082830711, -0.00651206351149521, 1732894310230526505, 
-0.028897136135481505, 0.01548845504306895, -0.006245551111443374, 1732894310340138071, 
-0.024009012767199023, 0.024111483735226313, -0.0056099071193631625, 1732894310436246555, 
-0.020478362818036944, 0.028062577724815203, -0.004892300781381165, 1732894310531177604, 
-0.010259713456519659, 0.04583099770226454, -0.003649805936117042, 1732894310631512541, 
-0.010370134424625088, 0.033694094644706185, -0.002740547379945446, 1732894310740183321, 
-0.008995525314540398, 0.004213960473264204, -0.001975024879712343, 1732894310836289711, 
-0.008800599562272637, 0.005231782874508169, -0.001877750620095875, 1732894310930106477, 
-0.008663241800891508, 0.0011076117121629665, -0.0017639577785136362, 1732894311030666586, 
-0.008834468538845175, -0.00011289658857512504, -0.0017532206601339547, 1732894311140146841, 
-0.010395911287389037, -0.005775564954991763, -0.0018595747751417146, 1732894311237218048, 
-0.012795913360674205, -0.013204816072763434, -0.002135086212460561, 1732894311280131643, 
-0.012795913360674205, -0.00800000691095056, -0.0023991825339158297, 1732894311280131643, 
-0.00896844162963606, 0.012758239103460486, -0.0023040178900656312, 1732894311380132470, 
-0.009046643966899914, 0.012497564645914302, -0.0020540665971473453, 1732894311430542295, 
-0.0078105038181229824, 0.003859792705043589, -0.0017217059609772637, 1732894311476173560, 
-0.008291445127224684, 0.0025173294655841025, -0.0016765728608165054, 1732894311540271490, 
-0.008194860741016607, -0.00128118974297875, -0.001619787312424285, 1732894311591137363, 
-0.009728296402985115, -0.004789504252534771, -0.0017476401514150937, 1732894311637249618, 
-0.011197844526846579, -0.010009945952766571, -0.0019414001113898867, 1732894311680103257, 
-0.004406867260756453, 0.017738097140762205, -0.0016888672127058765, 1732894311730117407, 
-0.004406867260756453, 0.022636590886967085, -0.0013341052698906323, 1732894311730117407, 
-0.002768442560900808, 0.005461415666185483, -0.000772145138827581, 1732894311780260681, 
0.003954785563621721, 0.02787217608126058, -0.00021470161720236932, 1732894311831150019, 
0.007434680581276387, 0.03401041047392398, 0.00057473490559982, 1732894311940150776, 
0.005522183748270182, 0.005224660615494869, 0.0011274433262112194, 1732894312037230366, 
0.005522183748270182, -0.006374989443354018, 0.0012319365385211167, 1732894312037230366, 
0.006969377375429464, 0.004823978757197607, 0.0012009163247979884, 1732894312230825270, 
0.007107218515572944, 0.00528344922434254, 0.0013065853092848394, 1732894313779734881, 
0.007177786032247391, 0.0006946955227264221, 0.0014169587948833198, 1732894313939615327, 
0.005731871337904759, -0.004584490592227282, 0.001334458392381673, 1732894314038279767, 
0.00899493168982346, 0.00605715219192023, 0.0014603059373317073, 1732894314130148165, 
0.011359000893926496, 0.018757098520072457, 0.001739053594776981, 1732894314228126700, 
0.012769852478179189, 0.012583069294519097, 0.002208252337461943, 1732894314320361860, 
0.01337374889308085, 0.006715826663847846, 0.002500173484345769, 1732894314438301567, 
0.013010533418865933, 0.0008022698022891461, 0.0026102756526750646, 1732894314530224462, 
0.013244666857726517, -0.00043027345118111054, 0.0026419299446448865, 1732894314639626779, 
0.012628693840569083, -0.0012727985943228326, 0.0025922596078107687, 1732894314740989524, 
0.011404824294106053, -0.006132808545401547, 0.0024852123328267767, 1732894314838284057, 
0.17912020890309177, 0.5549717168750756, 0.013543581802517794, 1732894314930296238, 
0.184083126963838, 0.5755943422324398, 0.024973877344069053, 1732894315028493085, 
0.1909583760311645, 0.039460557093575765, 0.03694411412653962, 1732894315141324769, 
0.2001971038677045, 0.053713256346221705, 0.0383492404575138, 1732894315238289237, 
0.20944431407937203, 0.0616197934940251, 0.04003998626521607, 1732894315331167092, 
0.21800319547376812, 0.05935363868687871, 0.04184297422805631, 1732894315439775576, 
0.22598569448511618, 0.05513793468581385, 0.04356221360255042, 1732894315540812629, 
0.2034778801357786, -0.048417717793298364, 0.043164451339644194, 1732894315639296806, 
0.3033861441383461, 0.2580014988440997, 0.048856647917282725, 1732894315730163900, 
0.2851788555250424, 0.27233658463087934, 0.05280285865327781, 1732894315827907378, 
0.28173570525250546, -0.07216812961946872, 0.05802004699439293, 1732894315941953664, 
0.2766244816499216, -0.028514579583736044, 0.0562359361618313, 1732894316039273026, 
0.2718953717652719, -0.03280111162411189, 0.05535037057784659, 1732894316131201229, 
0.26963835296116, -0.02328709562920528, 0.05454388042509023, 1732894316241263718, 
0.2721783338846556, 0.0009432070646124094, 0.054247470574072504, 1732894316321343876, 
0.25658139963887927, -0.0435231777409358, 0.05322653909897966, 1732894316439304644, 
0.6152643254130041, 1.1436199717611617, 0.07626827059576928, 1732894316532173358, 
0.5998160318112693, 1.1441154405746334, 0.09811078379087684, 1732894316640854959, 
0.6192391699322217, 0.013249481730725302, 0.12228796847709968, 1732894316741775607, 
0.6283847016948172, 0.0952288996118263, 0.12316266022922055, 1732894316839287938, 
0.652214877868277, 0.1099190264535177, 0.12665591663302106, 1732894316930189644, 
0.597000892303281, -0.10461269797178725, 0.12517336479109167, 1732894317029620133, 
0.6102613573823363, -0.139845068286469, 0.1239651418369263, 1732894317141942415, 
0.596925390332274, -0.0002516732366901013, 0.12027917600119276, 1732894317240411272, 
0.580927995012877, -0.0977778745648646, 0.11920764951516581, 1732894317331230473, 
0.5581629232026271, -0.12920822376548977, 0.11573442056985186, 1732894317430307311, 
0.5450119453008986, -0.11972016570659456, 0.11227352423442684, 1732894317540503281, 
0.5273622094682, -0.10266904578142351, 0.10870247186478171, 1732894317640322604, 
0.388791771578179, -0.5207339124090652, 0.09741106175648517, 1732894317731202678, 
0.3575727517760565, -0.5659648589738117, 0.08491511552149571, 1732894317830225332, 
0.3214981566883479, -0.22431204963277032, 0.07119084533617223, 1732894317940339085, 
0.2895048038444068, -0.22689315977216573, 0.06457171415392075, 1732894318040323752, 
0.25887029608154255, -0.20875953535601788, 0.05799155044095315, 1732894318131200028, 
0.22820322817845207, -0.20433858555318243, 0.05177188854029343, 1732894318230268679, 
0.1873021778223385, -0.23856039419734687, 0.04495838013882221, 1732894318339788218, 
0.17784000971864034, -0.16787739486603911, 0.039556361047962056, 1732894318440300044, 
0.17615325420395123, -0.037163078727957544, 0.03608636278299534, 1732894318531239187, 
0.1733273282590393, -0.015042271532003474, 0.035154706145442055, 1732894318630247343, 
0.174715332075829, -0.004793073760407385, 0.03494639430258797, 1732894318720706617, 
0.17856207385946132, 0.01744915200140677, 0.03510698227962197, 1732894318840334755, 
0.18639508240615554, 0.038932501101088444, 0.035978165889429724, 1732894318931210801, 
0.07326876348440803, -0.35097770125017763, 0.029215061316668327, 1732894319030469823, 
0.06972039668267183, -0.38891561907827904, 0.02195894950488236, 1732894319119671320, 
0.06437719081617477, -0.029638575560777536, 0.013824423398883642, 1732894319241335837, 
-0.029617080780001137, -0.33112492487557654, 0.006965367114589697, 1732894319331229630, 
-0.04928593289884198, -0.3788770790500558, -0.0009683881908445565, 1732894319430345377, 
-0.06752904301978613, -0.12637320746594996, -0.00976213711324195, 1732894319540446069, 
-0.08460640350395843, -0.11773490201705483, -0.013428091961505769, 1732894319640344745, 
-0.086536154762207, -0.0633570391414029, -0.015911440085730102, 1732894319732232813, 
-0.4344759112148522, -1.1662316923696459, -0.04037456463206784, 1732894319830359478, 
-0.45488376014519316, -1.2278253512766206, -0.06505972174148349, 1732894319940071388, 
-0.46593512164929574, -0.1048640347814785, -0.09035298620062274, 1732894320041315462, 
-0.4744348331470216, -0.06517024333942818, -0.09301691432943403, 1732894320131269464, 
-0.4903736419202933, -0.08146173423665859, -0.09538290644777404, 1732894320231431928, 
-0.431277757140736, 0.143856920020952, -0.09307241548053673, 1732894320320569438, 
-0.449608600410889, 0.13588347169801432, -0.09141733329812789, 1732894320441385543, 
-0.4232600607356136, 0.02672565468374133, -0.08694309455248257, 1732894320532244661, 
-0.3640421874953972, 0.28522137638497275, -0.08246072324279333, 1732894320630259777, 
-0.3071340510140834, 0.38708669907176735, -0.07296241994967295, 1732894320739600236, 
-0.2702612454852171, 0.3126031400339335, -0.06276249893297985, 1732894320841325891, 
-0.14101790791421132, 0.5537204769995737, -0.047894213627567454, 1732894320932270161, 
-0.11928688617699312, 0.5032478643607466, -0.035371069305094774, 1732894321030296912, 
-0.09647553884299853, 0.1484745635707093, -0.023785355528946863, 1732894321140281314, 
-0.07106001457954214, 0.16075623865816993, -0.019121495973302254, 1732894321241361384, 
-0.05875338451395273, 0.12574051443015266, -0.015085929195766228, 1732894321332298603, 
-0.057010094116983545, 0.04683306820852865, -0.012454899547365228, 1732894321430351180, 
0.02796148351185246, 0.2890495600860173, -0.005853466341272254, 1732894321520672693, 
0.016447488972883395, 0.24485861029955647, -0.0008400747754831794, 1732894321641373113, 
0.0022188224226549202, -0.08580887029732513, 0.0031085196604927184, 1732894321732253793, 
-0.005578039344617869, -0.07341842772500422, 0.000872551470061363, 1732894321830376764, 
-0.22070498084167056, -0.7430793442144182, -0.014937613184242233, 1732894321920545405, 
-0.2349297569276887, -0.7645057252769027, -0.030747518474265143, 1732894322041366786, 
-0.24805522789371226, -0.09116749017347232, -0.0469126643775381, 1732894322130260005, 
-0.2752721495584305, -0.13447464210247265, -0.0505504756253221, 1732894322230470553, 
-0.30112366600183305, -0.17689479369373595, -0.05496340289693172, 1732894322340664798, 
-0.3232554247883208, -0.15994425076630106, -0.05997674935657229, 1732894322441263899, 
-0.2016014359641971, 0.3317407667921198, -0.055065368450290066, 1732894322530317561, 
-0.16010690965493102, 0.5438283837779659, -0.045664251360496594, 1732894322630285504, 
-0.0952358384219969, 0.35455199180733404, -0.030462945602741667, 1732894322720976392, 
-0.06610584893301397, 0.31333686907305686, -0.02142990646732946, 1732894322841408976, 
-0.03705934370606001, 0.19392164905312295, -0.01322673540407139, 1732894322931464054, 
-0.13625930195102587, -0.233844843393373, -0.015961632972673324, 1732894323031391649, 
-0.10821448241567322, -0.2371837956987107, -0.018768875204850606, 1732894323141050369, 
-0.10459635361970943, 0.10554316110438815, -0.023271342532427235, 1732894323240602359, 
-0.11650384599611252, -0.027631211934797673, -0.021954312135433012, 1732894323331274890, 
-0.13184558477637687, -0.09083077052222481, -0.02352971895947992, 1732894323431341829, 
-0.15087195921331387, -0.11456037739067115, -0.026614759332386884, 1732894323521306120, 
-0.1561125452316794, -0.08088986818434174, -0.029255339281424673, 1732894323641377734, 
-0.14468184194778022, 0.020633724218445487, -0.03011108975951823, 1732894323731306574, 
-0.13727785672607595, 0.06278229501867812, -0.029204816260369037, 1732894323831466085, 
-0.13645739965077575, 0.027414807656681583, -0.027894473221642128, 1732894323920745955, 
-0.19688757762875908, -0.19869906967561043, -0.03137485560037405, 1732894324041386434, 
-0.18898093522708226, -0.1750784519210217, -0.03482172750044114, 1732894324130576484, 
-0.18165060576050795, 0.050789906227503755, -0.03783460790775662, 1732894324230400373, 
-0.1762863961862826, 0.04231513013599882, -0.03646119581159152, 1732894324320773667, 
-0.17679906854759653, 0.01617179070970476, -0.03564907136629247, 1732894324441405172, 
-0.19979178477831716, -0.07835129530678182, -0.03685848330081309, 1732894324531310349, 
-0.1962484019986147, -0.06483111150339393, -0.03818928368830189, 1732894324631316588, 
-0.1824663689125251, 0.057751386219306866, -0.03856710371263047, 1732894324721630156, 
-0.17269844298535542, 0.07849986337753097, -0.036760880926433016, 1732894324840689276, 
-0.1668496993223222, 0.05205556530067638, -0.03480096741468018, 1732894324931314426, 
-0.16237695360259385, 0.0344049646092052, -0.03346167306068476, 1732894325031475384, 
-0.15224240232924313, 0.04869098997693019, -0.032097937016943946, 1732894325122426064, 
-0.13947382016278465, 0.07634377813269737, -0.03027287840630811, 1732894325240539824, 
-0.1297706036697669, 0.07490599553158746, -0.028099121744119646, 1732894325330778627, 
-0.12301680165268858, 0.054856728366986886, -0.026150748365682673, 1732894325427384134, 
-0.11581965769337121, 0.04650315325465226, -0.02457380420105511, 1732894325536827965, 
-0.11042685508541028, 0.04196648855759433, -0.023284220962098003, 1732894325635640779, 
-0.10654651139761939, 0.030910487652506074, -0.02218620161176006, 1732894325733635105, 
-0.08988184917905317, 0.06848335302119035, -0.020457014377472188, 1732894325825586464, 
-0.08709024338956883, 0.06485422669350187, -0.018901240264416093, 1732894325922485050, 
-0.0848650289159798, 0.016722734210244578, -0.017455808098973454, 1732894326040942000, 
-0.08446726878680733, 0.008743248675871692, -0.017094836072823732, 1732894326130784321, 
-0.08312405975650727, 0.005803230531575092, -0.016830423830619626, 1732894326231475090, 
-0.08077781995660216, 0.012298162767350554, -0.016557943233327783, 1732894326322734771, 
-0.08017317689317172, 0.009836276211118525, -0.01627167044041874, 1732894326440778440, 
-0.07887555195750895, 0.0063408933303107, -0.01598843658715219, 1732894326530688908, 
-0.057843941464106874, 0.07443078476354947, -0.014459511354319169, 1732894326631399996, 
-0.05286734135741955, 0.08669403533363133, -0.012639122318602357, 1732894326740896133, 
-0.0497585017110721, 0.026951465843449245, -0.010697985635506568, 1732894326841250756, 
-0.04466266686905307, 0.027348914961221604, -0.009819233995836315, 1732894326931501682, 
-0.038902322161456504, 0.03618726516538532, -0.008888232716105445, 1732894327031335686, 
-0.033269825908111894, 0.037976136536470584, -0.007788987662574764, 1732894327120599048, 
-0.032138631168992515, 0.02254563664154663, -0.006954051949237394, 1732894327240672193, 
-0.035788335552854655, -0.008395032149142537, -0.0067464528419972705, 1732894327330628536, 
-0.022636338671094602, 0.031674308326326374, -0.006037553692862785, 1732894327431404731, 
-0.025593359985056074, 0.033983251892661936, -0.005601202280600355, 1732894327537792675, 
-0.02698121916583618, -0.014482934982471921, -0.005014061188132457, 1732894327637863035, 
-0.02935354775992194, -0.01253395924955288, -0.005461875127387612, 1732894327736306491, 
-0.028866666184092393, -0.006284823394187382, -0.0056800955406567, 1732894327826337955, 
-0.026096714155761647, 0.010856112013867639, -0.005621128539985065, 1732894327936804338, 
-0.023561110809633412, 0.01768518458152994, -0.005234966076632497, 1732894328036338628, 
-0.007750708423767461, 0.06115335243998062, -0.003827235559277501, 1732894328136311061, 
-0.007958182025642246, 0.05200976261330389, -0.002618000083936208, 1732894328226440078, 
-0.006505200577004877, 0.004151692822541945, -0.0014809394017609723, 1732894328336007110, 
-0.0048374263314571175, 0.010402518980617096, -0.0012867205956069495, 1732894328436474626, 
-0.0028502786804512903, 0.012183072988511956, -0.0009461937059275523, 1732894328536318557, 
-0.0013691896520919844, 0.011560788931217111, -0.0006037929776000261, 1732894328626390582, 
-0.0012011389389277038, 0.005497132471745288, -0.0003613738180980652, 1732894328721439089, 
-0.0017974695236900873, -0.0014275995719936763, -0.0002911865409806517, 1732894328842426261, 
-0.16586051159222848, -0.5488645755110025, -0.011257274670323085, 1732894328931318899, 
-0.17582152218391, -0.5800801755340664, -0.022898633553321904, 1732894329031404391, 
-0.18470778919688924, -0.06282425868220254, -0.03509265486486851, 1732894329121375360, 
-0.19522274620121538, -0.06467074672435125, -0.03705013717213431, 1732894329241553080, 
-0.20668787148085443, -0.07326694094655066, -0.0391078937919306, 1732894329331360889, 
-0.21886847901361517, -0.07881910937466596, -0.04138527311304566, 1732894329431414837, 
-0.22222951402034163, -0.051805475131624, -0.04318572430098742, 1732894329541405347, 
-0.19877505549055663, 0.06697807841019514, -0.042658203234967565, 1732894329641437781, 
-0.29641267620861145, -0.24727720729423272, -0.047827816381300646, 1732894329731319143, 
-0.27871632119778766, -0.2664708856907701, -0.051593603526463715, 1732894329831459617, 
-0.2693831614436703, 0.0900983825498038, -0.05630081059000463, 1732894329920615472, 
-0.2594928188924961, 0.06407834101763858, -0.05383948676893027, 1732894330042466032, 
-0.24697083447421442, 0.07470775656485296, -0.05172312098735873, 1732894330131333331, 
-0.238952050885748, 0.06846922668916029, -0.049694380283497236, 1732894330231457123, 
-0.23662340073517818, 0.03449144579678746, -0.048169752406342706, 1732894330321406506, 
-0.21555717229095295, 0.07798292864931684, -0.046075508260791945, 1732894330436470666, 
-0.18906813817195273, 0.15851754187741818, -0.042749914079872255, 1732894330531339850, 
-0.17523455807582744, 0.13440871405041835, -0.03865732456924887, 1732894330631466351, 
-0.16760599292743417, 0.0715404841483952, -0.035460579278347615, 1732894330740929695, 
-0.24333425444916237, -0.22699898791111642, -0.03907832036349493, 1732894330837500545, 
-0.23939442463220512, -0.23929477234923646, -0.043355644800586776, 1732894330931502412, 
-0.23359970022606033, 0.03244851407700681, -0.047755225287161855, 1732894331031483965, 
-0.23370578495207003, 0.018962132267116943, -0.047113327320689034, 1732894331140727094, 
-0.2389554814232399, -0.017852603990598608, -0.047084064440091354, 1732894331237453442, 
-0.24854931899864624, -0.04947844682192069, -0.04808070569159707, 1732894331281337739, 
-0.2828925730064692, -0.1464569719440976, -0.05135982489522369, 1732894331431488957, 
-0.270140908348619, -0.07197196449990913, -0.053438853356915623, 1732894331541184171, 
-0.250426990732067, 0.10821860758134072, -0.05356403147247701, 1732894331637486319, 
-0.2446513132257287, 0.08496531707630095, -0.05101461415376097, 1732894331731351990, 
-0.24306641906629467, 0.024535238885907695, -0.04920964820160602, 1732894331781360702, 
-0.23872998874719903, 0.019737748261765553, -0.048429848069281495, 1732894331940622795, 
-0.2296745109218687, 0.044639693814753266, -0.04743139458235749, 1732894332036595865, 
-0.21077403352849658, 0.09318651739567484, -0.04527856887983762, 1732894332131353517, 
-0.20076213090013212, 0.09637460007245524, -0.042747378356699825, 1732894332231659659, 
-0.19202443934447433, 0.06249864728007417, -0.04023737358487354, 1732894332341125879, 
-0.1837761163360531, 0.05662004854693009, -0.03843751243871064, 1732894332436660707, 
-0.17561546342714618, 0.054696586391093836, -0.03676106794051157, 1732894332531441024, 
-0.14665469468549042, 0.12373807216854225, -0.03373641829657931, 1732894332632418042, 
-0.1362460334731728, 0.1312314331799113, -0.030567746105720623, 1732894332740666016, 
-0.12808173075172355, 0.06190987977922289, -0.027398830594025782, 1732894332838473885, 
-0.12064550645998764, 0.052001756710617165, -0.025664884712325597, 1732894332931426398, 
-0.1134286540914259, 0.048843588867658834, -0.024143726086875806, 1732894333032406508, 
-0.10463826634703662, 0.0533574670431701, -0.022580828459896677, 1732894333120578676, 
-0.09794149369220878, 0.05162386799739039, -0.02106722760871142, 1732894333238506577, 
-0.0971932345215348, 0.0248167727516727, -0.019984866304052013, 1732894333331375507, 
-0.0947466295387278, 0.010649547178269944, -0.01932542385016476, 1732894333433407594, 
-0.06570332120333866, 0.10496637772732047, -0.01717621235090675, 1732894333540753854, 
-0.06181962736607341, 0.10975667390884795, -0.014817971873875992, 1732894333638483910, 
-0.05725845435004208, 0.02814955617765527, -0.012318760194630277, 1732894333731404336, 
-0.053195134708369826, 0.028748308859011945, -0.011484881094965687, 1732894333833434116, 
-0.04945396853823102, 0.02601495270603685, -0.010660503839776195, 1732894333941043764, 
-0.0443528120400039, 0.02947440889455308, -0.00980012768577365, 1732894334037540109, 
-0.0408672099504379, 0.028622528625977087, -0.008978266035244854, 1732894334131382231, 
-0.04077553426504918, 0.011924259249849073, -0.008399703750366064, 1732894334233420189, 
-0.04124702959208616, -0.001266065472160886, -0.00819265158717155, 1732894334320687023, 
-0.040179844959267776, 0.0019856310192713452, -0.008146827254426874, 1732894334437532843, 
-0.014095204829523304, 0.09050608254187618, -0.006368138625391817, 1732894334531387904, 
-0.011122203987941684, 0.09685880323775363, -0.004359816918448851, 1732894334629424360, 
-0.009011726255922614, 0.01694492857866897, -0.00228194233822584, 1732894334721799869, 
-0.006727098517135523, 0.01465035156935387, -0.0017907352507333214, 1732894334839527685, 
-0.004847323174607843, 0.013881343604382571, -0.001372409863177732, 1732894334931391425, 
-0.001755572650766632, 0.016571752887896304, -0.0008886662895006665, 1732894335029485860, 
-0.0011873577773773222, 0.012199884657435068, -0.0005193502401834531, 1732894335140666491, 
-0.0031360887268783236, -0.004601720253705639, -0.0004052679436681518, 1732894335238551341, 
-0.0059610093759981525, -0.015912171995402766, -0.0006856303920169199, 1732894335331396705, 
-0.0064707708604559225, -0.01111560711192533, -0.0010378579308888266, 1732894335429514932, 
-0.006914991619999582, -0.0031799408133380974, -0.0012897847904302438, 1732894335521470925, 
0.010184170063916212, 0.05551646974790711, -0.00021343949443595282, 1732894335638559407, 
0.01007751851644307, 0.05664170045480884, 0.0008897797973573133, 1732894335731434806, 
0.009098652326124501, -0.0036183924593057026, 0.001957356060432252, 1732894335829439710, 
0.009310721896131934, -0.0025559887343704533, 0.0018991261825799669, 1732894335920610355, 
0.009438721455704839, 0.0011335637652677931, 0.001856539711864085, 1732894336039512940, 
0.009878044890802289, 0.0018910766489011837, 0.0019084992161759373, 1732894336131403158, 
0.008932845072681522, -0.0016862546100777226, 0.00188330742794591, 1732894336229496038, 
0.006937149313551549, -0.009802985257502464, 0.0017165359518023574, 1732894336321427404, 
0.005963323746634802, -0.009898404420155734, 0.0014555545421911916, 1732894336439732846, 
0.00529083482126768, -0.0054877149742795645, 0.0012127538587636021, 1732894336530719349, 
0.004951405042752877, -0.003373062346273085, 0.001080370907377024, 1732894336630497158, 
0.004429465105959096, -0.0028712323843619464, 0.0009781136646653103, 1732894336721504858, 
0.0042725679826283725, -0.0022627902004150138, 0.000910229208756023, 1732894336839545713, 
0.0157565787942789, 0.03775704562773268, 0.0016305741255244245, 1732894336931442803, 
0.015368135527896915, 0.03698522515089514, 0.002359818820320279, 1732894337030452952, 
0.015304210929437626, -0.0015078928828042455, 0.003095261683440896, 1732894337120699393, 
0.015909736225449576, 0.0018053356585088706, 0.0031054721788522743, 1732894337239557971, 
0.015400970893248253, 0.00032253321270208957, 0.0031076612032090306, 1732894337331426758, 
0.015146465781810062, -0.0025442348121317133, 0.0030971448600338597, 1732894337428535364, 
0.01392036808251889, -0.00493534270243121, 0.002964520317171814, 1732894337542941126, 
0.012040332987494098, -0.010353775981053215, 0.0027404777901215366, 1732894337639860100, 
0.010648250800537811, -0.010907057606603597, 0.0024405967913700534, 1732894337733468769, 
0.00913079276746791, -0.00969846740008729, 0.002121291770366655, 1732894337829536143, 
0.0075750124354360925, -0.010244127883672396, 0.0018236037335627876, 1732894337893482765, 
0.00643773559495061, -0.008976857241724338, 0.0015429027198569742, 1732894338040589770, 
0.0055432764654172045, -0.006772453233396293, 0.001303734966386927, 1732894338133426244, 
0.004361191604169895, -0.006921813302602382, 0.0010894802443025139, 1732894338243275556, 
0.003671784911384604, -0.006238305180108668, 0.0009050835320647802, 1732894338343689515, 
0.003553932952172434, -0.0026908621733248705, 0.0007724606311817955, 1732894338440702474, 
0.003312778945059866, -0.0011966865544157934, 0.0007025664539077936, 1732894338533454790, 
0.0025300017990506803, -0.0034131038437391786, 0.0006264475797521986, 1732894338630575674, 
0.0023186044763197147, -0.0033139148958005044, 0.000544092348028684, 1732894338743223804, 
0.002435975510169809, -0.0003134209629362371, 0.00048563878570268026, 1732894338840606873, 
0.00257694588099976, 0.0008611380156001505, 0.0004887683911659523, 1732894338932463417, 
0.002357927745163975, -0.000260159216686114, 0.0004913899424222362, 1732894339031485576, 
0.002403527904030884, -0.0005780599232295865, 0.0004892267686796413, 1732894339122409600, 
0.002197373113559758, -0.0005351821053473904, 0.00046392191751697446, 1732894339240605638, 
0.002057518743007875, -0.0011533638700766957, 0.0004438946507065678, 1732894339332477027, 
0.0018008667309824707, -0.0013216879419242905, 0.00040371723917000693, 1732894339430593710, 
-0.8372408321085576, -2.797661169505218, -0.055558829775637815, 1732894388934070234, 
-0.8372408321085576, -2.7968056627984663, -0.11151205316574218, 1732894388934070234, 
-0.8373059688675871, -0.00021712253009842364, -0.1674525088723135, 1732894389125111897, 
-0.8372715490231852, -0.00010238971542545865, -0.16745455666662198, 1732894389244204772, 
-0.8376044741310434, -0.0009950175448543892, -0.16747879946812105, 1732894389334223811, 
-0.8377056236429744, -0.0014469153992972366, -0.16750544311981352, 1732894389434089200, 
-0.8289513442262137, 0.02884376634943231, -0.16695076280001545, 1732894389524550014, 
-0.7863119506117306, 0.1713122434374792, -0.16353126123206124, 1732894389645301016, 
-0.7303998651709289, 0.3285049301842828, -0.15637754400059156, 1732894389734080619, 
-0.700602999815648, 0.28569650265360885, -0.14782098770655383, 1732894389834361345, 
-0.6022704122634808, 0.4270981763581605, -0.13555155181667053, 1732894389924604455, 
-0.47055434496470633, 0.7668288495031389, -0.11822851713625566, 1732894390045206009, 
-0.3583280372935823, 0.8131412498996614, -0.09541018630145129, 1732894390134081408, 
-0.2865657311509736, 0.613295379379109, -0.07436320756061748, 1732894390234073151, 
-0.19956643816805675, 0.5292053304184186, -0.05629734710750751, 1732894390326203018, 
-0.14034395839776603, 0.4874059091773586, -0.04176507518111976, 1732894390445202098, 
-0.0908469607844945, 0.36239825794520747, -0.02871715715668782, 1732894390534080899, 
-0.054098690169466224, 0.28748422742766605, -0.01901930729011512, 1732894390634095684, 
-0.04267341884128906, 0.16057847314401816, -0.012507937986349985, 1732894390725845550, 
-0.04804262648139934, 0.020186878960222938, -0.009654315699476975, 1732894390845336468, 
-0.05819621861622992, -0.05174266591646955, -0.009927484262594554, 1732894390934092022, 
-0.07200979945484731, -0.0798905765781599, -0.011883242970165105, 1732894391029097538, 
-0.09144665326688628, -0.11083478216885452, -0.014776844755864235, 1732894391131176522, 
-0.11014359856401001, -0.127112663697209, -0.018240003419049574, 1732894391245218991, 
-0.08622659968987267, 0.01740017859004535, -0.0191877901013846, 1732894391334107103, 
-0.09805385519886345, 0.04029914455048855, -0.019628270230183077, 1732894391434111234, 
-0.10663306708125175, -0.0680215579712636, -0.01939423479799919, 1732894391524725188, 
-0.10853535349515464, -0.03493832765430397, -0.020881485051684655, 1732894391645227898, 
-0.10652025002585663, 0.0003760568513170674, -0.0214459113734842, 1732894391734104170, 
-0.1006098360278137, 0.026418391557803123, -0.02104436263658833, 1732894391834100753, 
-0.09415890264986737, 0.04120449125329754, -0.020085932580235846, 1732894391925272321, 
-0.05236585703869334, 0.16081326329706788, -0.01647563971442496, 1732894392045308340, 
-0.043807770803826696, 0.16783710615346892, -0.012688835366159161, 1732894392134105978, 
-0.03341596738421615, 0.06316629884825731, -0.00863930634844908, 1732894392235149365, 
-0.025624218650754482, 0.06061184051024071, -0.006856530455919821, 1732894392324547132, 
-0.022723059257706457, 0.03564302708836564, -0.0054508830195118055, 1732894392445281466, 
-0.02135077542473518, 0.014244810753397674, -0.004646536888879741, 1732894392534110805, 
-0.01866875917831501, 0.013514333597971495, -0.00418283959071711, 1732894392630120825, 
0.010266128757575488, 0.10538968060770222, -0.001983560389698313, 1732894392728911049, 
0.00771914801867557, 0.08795969065663527, -4.556549347093005e-05, 1732894392818626850, 
0.007541023022013538, -0.0090836857852065, 0.0017017533198843064, 1732894392939105114, 
0.009238703330319509, 0.0050651843721464624, 0.0016332582914005743, 1732894393029102504, 
0.0121900419480937, 0.015496729753600539, 0.0019313178866951163, 1732894393124937774, 
0.01349407696560001, 0.01418457878426834, 0.0023281881496008813, 1732894393239554695, 
0.012262795839820595, 0.000242512972422985, 0.0025297943169009535, 1732894393339120839, 
0.02776650119894819, 0.047574747444493935, 0.003568224933624586, 1732894393429122065, 
0.021995261569790148, 0.032441552433231845, 0.004134970573903929, 1732894393528952609, 
0.021318678973562877, -0.021492740751284378, 0.004738696116153414, 1732894393639692884, 
0.023739058044969674, 0.005812654917265088, 0.00447019990588818, 1732894393739166442, 
0.028201052119245285, 0.02294124381894136, 0.004883919275851856, 1732894393830129094, 
0.030667023376989233, 0.02309321777339853, 0.005507142236080279, 1732894393930272291, 
0.03299309556878549, 0.01597347816513402, 0.006124078071001334, 1732894394046488178, 
0.03324402169188767, 0.008589994382994792, 0.0064602760425108265, 1732894394136130114, 
0.04371228950177386, 0.035730646443294566, 0.007329960450829801, 1732894394234123340, 
0.042468242361980435, 0.030747402233642546, 0.007961636903709464, 1732894394343828390, 
0.04005543137895873, -0.01218952707605044, 0.008415730882847534, 1732894394445690173, 
0.03795502716385368, -0.015044050660422506, 0.008031913393652857, 1732894394535130008, 
0.03461646402201912, -0.018129891189798686, 0.0075084615043221024, 1732894394635137447, 
0.03259243072971807, -0.017875321447118713, 0.007010928127706058, 1732894394725342422, 
0.030670913565085, -0.013151834856447072, 0.006525320554454813, 1732894394824677271, 
0.03343880943108801, 0.0028212623378998103, 0.0064468102483927385, 1732894394935139625, 
0.03158598356758302, 0.0030502333416600655, 0.006379713770917068, 1732894395035122521, 
0.030314698347561175, -0.010413703611756123, 0.006355966089748814, 1732894395124715820, 
0.030547317537009566, -0.0034622201019115137, 0.0061631999634769175, 1732894395247031253, 
0.03313735565722464, 0.009408857698878226, 0.006266624769453026, 1732894395335156042, 
0.033139004463325517, 0.008638956421053168, 0.006454911843837315, 1732894395435127943, 
0.03357002687113009, 0.001442237379684815, 0.00665642579944535, 1732894395525590279, 
0.030955530017420907, -0.007278248153015365, 0.006510970756791767, 1732894395640385426, 
0.027690081146651058, -0.019599819081596765, 0.006147709202346804, 1732894395735151658, 
0.02554358598686257, -0.01803981343519445, 0.0056126131433956354, 1732894395835156478, 
0.025661722544473964, -0.006761195340590313, 0.005259692645199173, 1732894395925104875, 
0.02656990506959611, 0.0034210636091118, 0.005185014240062177, 1732894396039541729, 
0.026846918917146967, 0.003950654575576677, 0.005271903102081136, 1732894396135165940, 
0.026562376862071413, -2.5094025082328386e-05, 0.005331946723254299, 1732894396235134474, 
0.02482758432162724, -0.006731115318399095, 0.005215792006723041, 1732894396324962823, 
0.025578481777913997, -0.0032796502805247187, 0.0051312295307741765, 1732894396441342985, 
0.025603850083187663, 0.0025875525385347467, 0.00506732774551526, 1732894396535161855, 
0.024532706878459654, -0.003485916331514479, 0.005047669249304087, 1732894396635164146, 
0.02381042423385349, -0.005978086164447245, 0.00492979874636672, 1732894396725092791, 
0.023741511108659297, -0.0026373192326678563, 0.0048056428147314955, 1732894396825267283, 
0.024251687684119783, 0.0014708781675543126, 0.004786908201775505, 1732894396935167722, 
0.01908416925873546, -0.01552447283307945, 0.004471824536767636, 1732894397035177492, 
0.01776657393572001, -0.021617045827999243, 0.004073495391905017, 1732894397145017882, 
0.01766320395405474, -0.004736551015602404, 0.003634263143234014, 1732894397225486043, 
0.015898829915851898, -0.006225813399560372, 0.0034219071870417762, 1732894397335174073, 
0.0153808520509916, -0.007607839676877133, 0.003262859061393216, 1732894397435151407, 
0.015735513388112188, -0.0005443884257990325, 0.0031343463569970457, 1732894397524682584, 
0.016364188138040525, 0.00327778695682975, 0.0031653702384762876, 1732894397640585890, 
0.018835379705297584, 0.01033288772395132, 0.0033956720820966864, 1732894397735178848, 
0.012915737361399948, -0.011494835922135257, 0.0032076870136492036, 1732894397836237870, 
0.011680793544677215, -0.023848620535401228, 0.002895460707424983, 1732894397925230444, 
0.009053669271930742, -0.012873560298230688, 0.0022433466785338604, 1732894398040576066, 
0.009244533372077202, -0.008120867242000044, 0.001998599745912344, 1732894398135181515, 
0.008371711007773897, -0.002273194213856152, 0.0017779942434521226, 1732894398236280875, 
0.009612140886363973, 0.001225358380955906, 0.001815225684414338, 1732894398325259640, 
0.01274041828552197, 0.01456235759249358, 0.002048284678643989, 1732894398442354825, 
0.00903424409337017, -0.0019263226433126797, 0.002092453551017074, 1732894398535183079, 
0.009021609535155295, -0.01239602916788892, 0.002053084794269829, 1732894398636191770, 
0.006852234999795148, -0.007273363645250071, 0.0016605392418880408, 1732894398725296515, 
0.004988075132280723, -0.013445114676248574, 0.0013907946444820776, 1732894398824528360, 
0.0011864156680863047, -0.018886064439029477, 0.0008684483866774783, 1732894398935165022, 
-0.002511443298324645, -0.024998394768684557, 0.0002442031668028255, 1732894399036170155, 
-0.005702115989040246, -0.022961772190421836, -0.0004684762412852391, 1732894399125327959, 
-0.009910476172827032, -0.024663442915007956, -0.0012082690306794615, 1732894399242392107, 
-0.009420246472267912, -0.012393768277425554, -0.001668855908942346, 1732894399334831944, 
-0.009000483540772986, 0.003033308773513488, -0.001888747079057862, 1732894399432207549, 
-0.007416546686847658, 0.006678999284734181, -0.0017224851133259037, 1732894399525076532, 
-0.006349982034369095, 0.008835005021346301, -0.0015178008174659826, 1732894399642442148, 
-0.008042733409790115, -0.0020872890764748555, -0.0014539508087337912, 1732894399735206082, 
-0.008106243803626123, -0.0058542058975234275, -0.0014999306165190223, 1732894399832225963, 
-0.0112376030420539, -0.010649565440879286, -0.0018257720170313425, 1732894399925421099, 
-0.013128202873079697, -0.016739863564845248, -0.0021648033145839816, 1732894400042382870, 
-0.010709778815007898, 0.001759414090153344, -0.0023383723153427662, 1732894400135195782, 
-0.004148763251933141, 0.029931465403821855, -0.0018657829960013824, 1732894400233185116, 
0.001620020238769615, 0.041099330179258375, -0.0008825681218780949, 1732894400324752561, 
0.002524626320804302, 0.022244631909124808, -2.7444615728159744e-07, 1732894400425431047, 
0.004352124235004973, 0.009107013320784526, 0.0005664513863052593, 1732894400535240790, 
0.004916994792901752, 0.007974561573658168, 0.0007862496899140684, 1732894400633198176, 
0.005113393555677526, 0.002537564402241843, 0.00095883417223895, 1732894400725219578, 
0.00516645179930042, 0.0008315233546622262, 0.0010131226765253132, 1732894400842566867, 
0.005954956043415782, 0.0028052082924608555, 0.0010823200932262484, 1732894400935217797, 
0.007456014674505407, 0.007631876250683289, 0.0012384948344814407, 1732894401033225532, 
0.008128706308777045, 0.007245834217870876, 0.001435978468446549, 1732894401124771164, 
0.00898980018868456, 0.005112618380597178, 0.0016383014114644675, 1732894401242538511, 
0.007125904768780833, -0.0033426717999873734, 0.0016162940844161625, 1732894401335345457, 
0.005914778979685953, -0.010250070696662025, 0.001468698929143423, 1732894401433229712, 
0.0027379584611244567, -0.01462648769218792, 0.0010519094806394162, 1732894401525224504, 
-0.0005351653530417666, -0.02149981444242573, 0.0005411714725179096, 1732894401642824830, 
-0.00394412752840545, -0.02227361996509969, -0.00011608896135485066, 1732894401735221274, 
-0.008099039803786345, -0.025212914835815264, -0.0008385555123489041, 1732894401834255419, 
-0.011921721392453954, -0.026591979546828348, -0.0015976592483097167, 1732894401925343844, 
-0.011965766177872816, -0.01288908791362157, -0.0021324351582742078, 1732894402044497183, 
-0.011504349411038728, 0.0013912399380507552, -0.0023594557987577, 1732894402135257499, 
-0.009173183376374405, 0.009308609338328036, -0.002176219931019063, 1732894402234230173, 
-0.006578754571958889, 0.01641864946359946, -0.0018170858239581348, 1732894402325245793, 
-0.0049014883879086035, 0.014238983294886006, -0.0013768950890827932, 1732894402442701407, 
-0.004015499445662707, 0.008544183754320608, -0.0010330494937020134, 1732894402536233686, 
-0.003964577130582958, 0.003123037524418818, -0.0008587709976102845, 1732894402634237313, 
-0.0038862487090044473, 0.0004308357888608653, -0.0007910883523500075, 1732894402726364878, 
-0.0039407475236253875, 7.943202319190175e-05, -0.0007861048908808528, 1732894402844446315, 
-0.0018390620000741098, 0.006823955696434458, -0.000644403882180263, 1732894402937280712, 
0.0008706343177770082, 0.016037939471341318, -0.0003272783470614993, 1732894403034250498, 
0.003825354298474304, 0.018881387661828047, 0.0001904617744118135, 1732894403126303656, 
0.005287819133155125, 0.014723949384593723, 0.0006655871832937625, 1732894403243783024, 
0.007664323571315523, 0.012796564242804065, 0.0011184998001963302, 1732894403337434591, 
0.008885081471240897, 0.011990874460285905, 0.0014558149450474363, 1732894403434249231, 
0.008416950652480937, 0.002508756937218045, 0.0016644237130024903, 1732894403525248962, 
0.00736102781927761, -0.005080178839877621, 0.001644203996199963, 1732894403645459743, 
0.006388687650672353, -0.006760876672695278, 0.0014777777414953933, 1732894403734572379, 
0.0054266834551524035, -0.006447814547084023, 0.0012784265950068245, 1732894403835385642, 
0.006588081722197492, 0.0006646469050837952, 0.0012268968552014833, 1732894403925088558, 
0.008090487846483474, 0.008879347971103568, 0.0013403502015888913, 1732894404044672523, 
0.009477337409608544, 0.009630852291370173, 0.0016103937985526339, 1732894404136447977, 
0.008084200669380537, -2.0957257009790453e-05, 0.0017101350616981702, 1732894404235451778, 
0.005938547994232546, -0.011795964717919993, 0.0015666724048814418, 1732894404325332172, 
0.005665622274364734, -0.008061927983386008, 0.0013125580625318544, 1732894404444615875, 
0.005572905513730464, -0.001218808268340273, 0.0011451383854885163, 1732894404536498321, 
0.007187136956428808, 0.005071715606880245, 0.0012283776496349336, 1732894404635516449, 
0.007542855537067017, 0.00656650007778851, 0.001353526533815086, 1732894404724667622, 
0.011621805760537951, 0.014782229347030476, 0.0017567865502689183, 1732894404844741771, 
0.016841222258839106, 0.030994555739240297, 0.0024003922370962718, 1732894404935169730, 
0.020661188482299364, 0.03013127573920471, 0.003274947766778428, 1732894405034651249, 
0.024639721369529632, 0.025994997035635087, 0.004142808807377873, 1732894405124827752, 
0.024008424264640893, 0.011157452607805096, 0.004620622274431326, 1732894405244854919, 
0.022427401466888375, -0.007374399675470859, 0.0047383698067372595, 1732894405335915406, 
0.01834671577528657, -0.018872361631181073, 0.004318836100454389, 1732894405434963603, 
0.01801430380120206, -0.01471032555228772, 0.003919228069558467, 1732894405524727133, 
0.01704643358648139, -0.004334273962683932, 0.0035604968775313347, 1732894405644801370, 
-0.15625492321239154, -0.5808974233786454, -0.008079612388313872, 1732894405736331728, 
-0.16705080201269606, -0.6136574519972582, -0.020417286109240415, 1732894405835325410, 
-0.17766156928046595, -0.07135548689358136, -0.03339781963370357, 1732894405945337110, 
-0.18774763624030943, -0.0689894474253779, -0.03549733383556476, 1732894406024850840, 
-0.19604566679706337, -0.061280325055324734, -0.03743032482118925, 1732894406136433631, 
-0.20586323532919215, -0.06038533029627572, -0.03931043589110433, 1732894406235157722, 
-0.20922754282525702, -0.0439395867606455, -0.040742429663434165, 1732894406344627842, 
-0.17770635356016184, 0.09385627256343436, -0.03951980878097407, 1732894406446059071, 
-0.273718143410704, -0.21496866861815658, -0.04404346931974153, 1732894406535701278, 
-0.25608175642124753, -0.2612513428702856, -0.04716708355947422, 1732894406634776669, 
-0.24757077114864634, 0.08715790754019219, -0.05182471139870652, 1732894406726585851, 
-0.23820140499756315, 0.05960117141228127, -0.04945692883783047, 1732894406845249841, 
-0.23031015244561304, 0.05753539567677768, -0.0477388219061215, 1732894406936295026, 
-0.22150451427312023, 0.05565630241480971, -0.046001071447753096, 1732894407034968118, 
-0.21538266682591178, 0.049758285399004176, -0.04447982223630967, 1732894407125442751, 
-0.18927604089589112, 0.10742824459076372, -0.04174421479966154, 1732894407244911287, 
-0.2531432042733739, -0.12586845815820702, -0.04385346079967845, 1732894407337049722, 
-0.2423742179158137, -0.17699392339974196, -0.04565289753900525, 1732894407435427394, 
-0.2335569831964195, 0.06528740358984801, -0.048604960359040474, 1732894407525564321, 
-0.22546408534048035, 0.05636710858444453, -0.04675968576351423, 1732894407646095142, 
-0.21702154031169352, 0.05511814294908657, -0.04506950725657289, 1732894407737328916, 
-0.21161372347474838, 0.04616787288577321, -0.04360662327512815, 1732894407835293377, 
-0.24880628579529307, -0.10594915161199851, -0.045162769972115664, 1732894407925929329, 
-0.23080164553575844, -0.06395974020336685, -0.046081443653719995, 1732894408046406736, 
-0.20006807348595412, 0.1624607076977965, -0.04531173365446704, 1732894408135313461, 
-0.19128115654762734, 0.13173496329377032, -0.04147672503795599, 1732894408235299755, 
-0.18332223512213086, 0.055819461212744205, -0.03831143101038082, 1732894408325207545, 
-0.17384169827410823, 0.05813152757839705, -0.03656300599625776, 1732894408446447226, 
-0.16050045495815968, 0.07607260054657061, -0.03451095922362658, 1732894408535303616, 
-0.1382454996408935, 0.11865399544404909, -0.031505843524877425, 1732894408635314506, 
-0.11594421969767676, 0.14852078420160972, -0.027646011619781995, 1732894408726053156, 
-0.11088279776936116, 0.09120900623844112, -0.02433816780719543, 1732894408846412303, 
-0.11658380006537805, -0.0021319345590042893, -0.022894054502161067, 1732894408935340384, 
-0.10600382512997286, 0.016263242131294337, -0.022231361530980806, 1732894409035313301, 
-0.09491111017101983, 0.07224229964786073, -0.02116658235775805, 1732894409125832626, 
-0.0904573127546957, 0.05182170791759052, -0.01942481653704589, 1732894409245627157, 
-0.08763455479589455, 0.02425518458375094, -0.018200198514774005, 1732894409335315044, 
-0.08492653404601658, 0.01843592902893043, -0.017534560106440455, 1732894409435318128, 
-0.08031058289871207, 0.024413239657274932, -0.01685811144937488, 1732894409525872216, 
-0.07358196548312401, 0.03781522854297522, -0.015921272161856844, 1732894409646484802, 
-0.0681334734658181, 0.040590364776313205, -0.014801734789843613, 1732894409735321665, 
-0.06444997169120836, 0.030439979306385496, -0.013744360709343366, 1732894409835331504, 
-0.06027121928994039, 0.02620751391959238, -0.01285697762979779, 1732894409944939508, 
-0.05523811281495283, 0.030706196254185098, -0.011997286919740106, 1732894410046467733, 
-0.05068539365052582, 0.0319527521313819, -0.011079648383694603, 1732894410135339098, 
-0.04672238282564267, 0.02838576663103387, -0.010176392619408088, 1732894410236364377, 
-0.04478751078808774, 0.019659609541460288, -0.009479685817617082, 1732894410326056412, 
-0.04199647737049417, 0.01575301818382835, -0.008900424732281639, 1732894410446469722, 
-0.03850720982018707, 0.020934336559668882, -0.008352746531917931, 1732894410535321103, 
-0.03411534980590214, 0.02627042521530676, -0.007641269133105559, 1732894410635327621, 
-0.032598546350739666, 0.01969554489815802, -0.007014740398455259, 1732894410726337482, 
-0.03324388940973977, 0.002904867987207904, -0.006663852371092105, 1732894410845752938, 
-0.03288900511356507, -0.0009681958760846913, -0.006582096058269634, 1732894410936335224, 
-0.032053421360420886, 0.003968226831062942, -0.006545754392248381, 1732894411035335536, 
-0.029964958109698125, 0.009746823346223158, -0.0063271589722456055, 1732894411127367361, 
-0.028219164555018272, 0.012780856018008713, -0.0060158362683424855, 1732894411246438102, 
-0.0263819664814533, 0.01194330542748275, -0.005637739276411313, 1732894411336363342, 
-0.023655725364270852, 0.015211463969158068, -0.005217123760049495, 1732894411435337775, 
-0.021566199712981904, 0.016052555894904657, -0.004773592770580403, 1732894411527337652, 
-0.01956238033411717, 0.013644483433845611, -0.004318953694091328, 1732894411645540770, 
-0.01780495715062158, 0.012537475207867743, -0.003928902479848044, 1732894411736361045, 
-0.01705413375501963, 0.008360821930325132, -0.0036280980826505584, 1732894411835346056, 
-0.015556001480682813, 0.007496518899795894, -0.0033610061590882683, 1732894411928358330, 
-0.013860996841829731, 0.010643789710632992, -0.0030980754718354783, 1732894412046516657, 
-0.01336785623710135, 0.007293817478604876, -0.002852323637307593, 1732894412135348383, 
-0.013207596057176918, 0.002178002615509378, -0.002695763275740533, 1732894412235628381, 
-0.012468301464063636, 0.0029985159101257133, -0.0026029169172227936, 1732894412327350474, 
-0.0117262375091014, 0.004937861826918392, -0.0024934756686894634, 1732894412446000742, 
-0.010008595899012374, 0.008199018550170875, -0.002280208991478494, 1732894412536425363, 
